{
  "total_dissertations": 9813,
  "total_schools": 541,
  "year_range": [
    1878,
    2025
  ],
  "mean_per_year": 77.96638655462185,
  "median_per_year": 26,
  "growth_rates": {
    "1870s_to_1890s": 0,
    "1890s_to_1900s": 3.5,
    "1900s_to_1910s": -0.4444444444444444,
    "1910s_to_1920s": 4.4,
    "1920s_to_1930s": 0.5555555555555556,
    "1930s_to_1940s": 0.047619047619047616,
    "1940s_to_1950s": 2.409090909090909,
    "1950s_to_1960s": 0.7666666666666667,
    "1960s_to_1970s": 2.667924528301887,
    "1970s_to_1980s": 0.24794238683127573,
    "1980s_to_1990s": 0.44352844187963725,
    "1990s_to_2000s": 0.36778983438035406,
    "2000s_to_2010s": -0.22588726513569937,
    "2010s_to_2020s": -0.7049622437971953
  },
  "hhi": 0.014539858748680853,
  "gini": 0.8065041129382653,
  "top_10_share": 0.2864439677188681,
  "top_25_share": 0.9048932475227296
}